{"count":1,"self":2817.6490495999997,"total":5528.821384,"children":{"InitializeActuators":{"count":67,"self":0.003519,"total":0.003519,"children":null},"InitializeSensors":{"count":67,"self":0.0059749999999999994,"total":0.0059749999999999994,"children":null},"AgentSendState":{"count":87171,"self":161.9987456,"total":205.931703,"children":{"CollectObservations":{"count":503579,"self":7.3032328,"total":7.303233,"children":null},"WriteActionMask":{"count":503577,"self":1.379275,"total":1.379275,"children":null},"RequestDecision":{"count":503577,"self":6.189754,"total":35.250451999999996,"children":{"AgentInfo.ToProto":{"count":503577,"self":6.3274352,"total":29.060698,"children":{"GenerateSensorData":{"count":503577,"self":21.0293952,"total":22.733262999999997,"children":{"RayPerceptionSensor.Perceive":{"count":503577,"self":1.703868,"total":1.703868,"children":null}}}}}}}}},"DecideAction":{"count":87169,"self":2501.3843968,"total":2501.384494,"children":null},"AgentAct":{"count":87169,"self":3.8340288,"total":3.836461,"children":{"AgentInfo.ToProto":{"count":79,"self":0.000548,"total":0.0024319999999999997,"children":{"GenerateSensorData":{"count":79,"self":0.001682,"total":0.0018839999999999998,"children":{"RayPerceptionSensor.Perceive":{"count":79,"self":0.000202,"total":0.000202,"children":null}}}}}}},"AgentInfo.ToProto":{"count":63,"self":0.000723,"total":0.0025919999999999997,"children":{"GenerateSensorData":{"count":63,"self":0.0016439999999999998,"total":0.001869,"children":{"RayPerceptionSensor.Perceive":{"count":63,"self":0.000225,"total":0.000225,"children":null}}}}}},"gauges":{"BrainBlyb.CumulativeReward":{"count":11,"max":-0.326734424,"min":-0.456662238,"runningAverage":-0.41796425,"value":-0.375329971,"weightedAverage":-0.412201881},"BrainBlub.CumulativeReward":{"count":95,"max":0.121922463,"min":-0.0147031844,"runningAverage":0.00626341859,"value":-0.009299219,"weightedAverage":0.00173343206},"BrainBlob.CumulativeReward":{"count":16,"max":0.663406134,"min":-0.454087019,"runningAverage":-0.323737025,"value":-0.306528628,"weightedAverage":-0.168038517}},"metadata":{"timer_format_version":"0.1.0","start_time_seconds":"1673954194","unity_version":"2021.3.8f1","command_line_arguments":"\/Applications\/2021.3.8f1\/Unity.app\/Contents\/MacOS\/Unity -projectpath \/Users\/Amanda\/UnityProjects\/blob bucket updated -useHub -hubIPC -cloudEnvironment production -licensingIpc LicenseClient-Amanda -hubSessionId 100b1720-8098-11ed-accf-d1772df71415 -accessToken LGsJzl_FRi0ls1Gtopq80RQQ__BEd0mCiRxe0Kgz6Ak005f","communication_protocol_version":"1.5.0","com.unity.ml-agents_version":"2.1.0-exp.1","scene_name":"blob bucket","end_time_seconds":"1673959722"}}