{"count":1,"self":617.60491519999994,"total":972.657248,"children":{"InitializeActuators":{"count":146,"self":0.004222,"total":0.004222,"children":null},"InitializeSensors":{"count":146,"self":0.008206999999999999,"total":0.008206999999999999,"children":null},"AgentSendState":{"count":12338,"self":74.1666752,"total":87.856968999999992,"children":{"CollectObservations":{"count":165432,"self":2.3081519999999998,"total":2.3081519999999998,"children":null},"WriteActionMask":{"count":165431,"self":0.375249,"total":0.375249,"children":null},"RequestDecision":{"count":165431,"self":1.8718219999999999,"total":11.006891999999999,"children":{"AgentInfo.ToProto":{"count":165431,"self":1.819583,"total":9.1350699999999989,"children":{"GenerateSensorData":{"count":165431,"self":6.7064448,"total":7.315487,"children":{"RayPerceptionSensor.Perceive":{"count":165431,"self":0.609042,"total":0.609042,"children":null}}}}}}}}},"DecideAction":{"count":12337,"self":266.3161856,"total":266.316175,"children":null},"AgentAct":{"count":12337,"self":0.8599,"total":0.8599,"children":null},"AgentInfo.ToProto":{"count":142,"self":0.0015639999999999999,"total":0.0054269999999999995,"children":{"GenerateSensorData":{"count":142,"self":0.003434,"total":0.0038629999999999997,"children":{"RayPerceptionSensor.Perceive":{"count":142,"self":0.00042899999999999997,"total":0.00042899999999999997,"children":null}}}}}},"gauges":{},"metadata":{"timer_format_version":"0.1.0","start_time_seconds":"1667946358","unity_version":"2021.3.8f1","command_line_arguments":"\/Applications\/2021.3.8f1\/Unity.app\/Contents\/MacOS\/Unity -projectpath \/Users\/Amanda\/UnityProjects\/blob bucket updated -useHub -hubIPC -cloudEnvironment production -licensingIpc LicenseClient-Amanda -hubSessionId 60a403b0-5f99-11ed-a4e6-f3d6435f4618 -accessToken uTZc0IYZJrO5lSjeXwWvruiKTLJY3sLq4VSuZuykd-8005f","communication_protocol_version":"1.5.0","com.unity.ml-agents_version":"2.1.0-exp.1","scene_name":"blob bucket","end_time_seconds":"1667947331"}}