{"count":1,"self":168.04552959999998,"total":501.31019299999997,"children":{"InitializeActuators":{"count":16,"self":0.002183,"total":0.002183,"children":null},"InitializeSensors":{"count":16,"self":0.0044459999999999994,"total":0.0044459999999999994,"children":null},"AgentSendState":{"count":10681,"self":7.6276896,"total":11.236669,"children":{"CollectObservations":{"count":43105,"self":0.655698,"total":0.655698,"children":null},"WriteActionMask":{"count":43104,"self":0.093560999999999991,"total":0.093560999999999991,"children":null},"RequestDecision":{"count":43104,"self":0.477234,"total":2.85972,"children":{"AgentInfo.ToProto":{"count":43104,"self":0.48822099999999996,"total":2.382486,"children":{"GenerateSensorData":{"count":43104,"self":1.743526,"total":1.8942649999999999,"children":{"RayPerceptionSensor.Perceive":{"count":43104,"self":0.15073899999999998,"total":0.15073899999999998,"children":null}}}}}}}}},"DecideAction":{"count":10680,"self":321.672448,"total":321.672448,"children":null},"AgentAct":{"count":10680,"self":0.34819,"total":0.348439,"children":{"AgentInfo.ToProto":{"count":9,"self":7.4E-05,"total":0.000249,"children":{"GenerateSensorData":{"count":9,"self":0.000156,"total":0.000175,"children":{"RayPerceptionSensor.Perceive":{"count":9,"self":1.8999999999999998E-05,"total":1.8999999999999998E-05,"children":null}}}}}}},"AgentInfo.ToProto":{"count":12,"self":0.000129,"total":0.00045799999999999997,"children":{"GenerateSensorData":{"count":12,"self":0.000292,"total":0.000329,"children":{"RayPerceptionSensor.Perceive":{"count":12,"self":3.7E-05,"total":3.7E-05,"children":null}}}}}},"gauges":{"BrainBlub.CumulativeReward":{"count":10,"max":0.42342338,"min":-0.0411344469,"runningAverage":0.07440442,"value":0.42342338,"weightedAverage":0.134156227},"BrainBlyb.CumulativeReward":{"count":6,"max":-0.146762908,"min":-0.4533494,"runningAverage":-0.310865849,"value":-0.249366522,"weightedAverage":-0.31871444},"BrainBlob.CumulativeReward":{"count":3,"max":0.774755955,"min":-0.266753852,"runningAverage":0.122020938,"value":-0.141939282,"weightedAverage":-0.04026712}},"metadata":{"timer_format_version":"0.1.0","start_time_seconds":"1674502621","unity_version":"2021.3.8f1","command_line_arguments":"\/Applications\/2021.3.8f1\/Unity.app\/Contents\/MacOS\/Unity -projectpath \/Users\/Amanda\/UnityProjects\/blob bucket updated -useHub -hubIPC -cloudEnvironment production -licensingIpc LicenseClient-Amanda -hubSessionId 8fcb3610-9818-11ed-8090-a9cba4d21128 -accessToken FPrCPEm_wFutuCHSGPZg_rsmK_ehRRpA6jaSRX6bMbE005f -projectpath \/Users\/Amanda\/UnityProjects\/UnitySharpNEAT-main -useHub -hubIPC -cloudEnvironment production -licensingIpc LicenseClient-Amanda -hubSessionId 8fcb3610-9818-11ed-8090-a9cba4d21128 -accessToken M6i7juOWO6ef3sGuzc5XdH2fqwB3h_BQU7bJ8elT1Hk005f","communication_protocol_version":"1.5.0","com.unity.ml-agents_version":"2.1.0-exp.1","scene_name":"blob bucket","end_time_seconds":"1674503123"}}