{"count":1,"self":36.589318399999996,"total":52.229620999999995,"children":{"InitializeActuators":{"count":3,"self":0.0020469999999999998,"total":0.0020469999999999998,"children":null},"InitializeSensors":{"count":3,"self":0.0032879999999999997,"total":0.0032879999999999997,"children":null},"AgentSendState":{"count":690,"self":0.731034,"total":1.034557,"children":{"CollectObservations":{"count":2068,"self":0.059757,"total":0.059757,"children":null},"WriteActionMask":{"count":2067,"self":0.006836,"total":0.006836,"children":null},"RequestDecision":{"count":2067,"self":0.038384999999999996,"total":0.23693,"children":{"AgentInfo.ToProto":{"count":2067,"self":0.026379999999999997,"total":0.198545,"children":{"GenerateSensorData":{"count":2067,"self":0.163327,"total":0.17216499999999998,"children":{"RayPerceptionSensor.Perceive":{"count":2067,"self":0.008838,"total":0.008838,"children":null}}}}}}}}},"DecideAction":{"count":689,"self":14.5779552,"total":14.577955,"children":null},"AgentAct":{"count":689,"self":0.016316,"total":0.016363,"children":{"AgentInfo.ToProto":{"count":1,"self":7E-06,"total":4.7E-05,"children":{"GenerateSensorData":{"count":1,"self":3.7E-05,"total":3.9999999999999996E-05,"children":{"RayPerceptionSensor.Perceive":{"count":1,"self":3E-06,"total":3E-06,"children":null}}}}}}},"AgentInfo.ToProto":{"count":7,"self":0.000103,"total":0.00045799999999999997,"children":{"GenerateSensorData":{"count":7,"self":0.000325,"total":0.000355,"children":{"RayPerceptionSensor.Perceive":{"count":7,"self":2.9999999999999997E-05,"total":2.9999999999999997E-05,"children":null}}}}}},"gauges":{"BrainBlyb.CumulativeReward":{"count":6,"max":0.973244369,"min":0.604611754,"runningAverage":0.8400014,"value":0.9063554,"weightedAverage":0.813587},"BrainBlob.CumulativeReward":{"count":1,"max":0.49609375,"min":0.49609375,"runningAverage":0.49609375,"value":0.49609375,"weightedAverage":0.49609375},"BrainBlub.CumulativeReward":{"count":1,"max":0.249511719,"min":0.249511719,"runningAverage":0.249511719,"value":0.249511719,"weightedAverage":0.249511719}},"metadata":{"timer_format_version":"0.1.0","start_time_seconds":"1645524236","unity_version":"2020.3.17f1","command_line_arguments":"\/Applications\/2020.3.17f1\/Unity.app\/Contents\/MacOS\/Unity -projectpath \/Users\/Amanda\/UnityProjects\/blob bucket updated -useHub -hubIPC -cloudEnvironment production -licensingIpc LicenseClient-Amanda -hubSessionId 1c965710-81f8-11ec-b873-d581b0be88c9 -accessToken -UbUBlCLiggE3w3BgXhMGQ7oqWrr6U2L8zcOEtetmZo005f","communication_protocol_version":"1.5.0","com.unity.ml-agents_version":"2.0.1","scene_name":"blob bucket","end_time_seconds":"1645524288"}}